record_id,distance,load,traffic,staff,group,late
1,68.12,42.71,39.14,45.98,G2,1
2,38.47,65.08,58.8,56.38,G1,1
3,64.1,43.99,36.86,53.47,G2,0
4,53.09,41.44,55.36,64.72,G1,1
5,44.67,51.95,53.44,54.86,G1,1
6,60.23,,64.0,41.9,G1,1
7,45.28,58.2,45.58,44.4,G2,1
8,49.55,53.52,45.02,55.93,G2,0
9,63.88,32.16,27.13,57.53,G2,0
10,42.04,64.56,78.69,48.58,G1,1
11,46.16,49.93,52.82,49.55,G1,0
12,40.96,54.14,29.81,53.93,G1,0
13,51.0,63.08,51.63,54.85,G2,1
14,40.54,51.74,57.77,60.21,G2,1
15,51.19,65.85,62.75,43.48,G2,1
16,25.32,39.02,50.68,51.59,G2,0
17,47.06,45.8,56.49,44.12,G2,1
18,28.73,46.9,60.18,41.49,G1,1
19,56.4,55.75,49.84,54.09,G2,1
20,40.82,50.6,65.0,49.24,G1,1
21,38.98,64.64,36.39,66.52,G1,0
22,50.95,56.18,53.54,50.2,G1,1
23,60.78,49.23,41.83,50.45,G2,0
24,32.55,48.57,32.28,50.24,G1,0
25,57.29,56.46,48.63,23.06,G1,1
26,45.31,62.84,43.89,55.54,G1,0
27,,65.97,29.13,44.99,G1,0
28,46.36,55.26,50.46,51.74,G1,1
29,27.25,,52.08,43.74,G2,1
30,63.93,38.91,53.57,60.11,G2,0
31,57.85,52.58,49.26,40.08,G2,1
32,53.52,37.34,60.79,58.82,G1,1
33,50.38,31.06,56.72,56.65,G1,0
34,39.44,46.14,51.77,57.33,G2,1
35,46.59,42.02,45.12,40.53,G2,0
36,67.92,68.54,29.8,46.26,G2,1
37,65.77,64.15,69.78,62.7,G1,1
38,54.78,53.21,64.07,54.65,G2,1
39,33.75,51.67,32.41,58.38,G2,0
40,,48.79,52.88,32.93,G2,1
41,45.03,44.17,51.08,48.0,G1,0
42,51.87,52.34,36.22,37.79,G1,0
43,61.32,41.6,48.38,58.05,G2,1
44,46.73,71.72,40.87,43.93,G1,1
45,29.84,58.43,46.14,56.17,G2,0
46,55.15,74.41,55.56,45.91,G2,1
47,45.48,57.99,31.0,45.01,G1,0
48,34.67,40.36,62.0,40.91,G1,1
49,45.5,58.39,34.62,51.17,G1,0
50,38.02,52.0,45.5,60.11,G1,0
51,49.18,54.71,64.44,49.26,G1,1
52,63.42,57.21,59.33,42.88,G1,1
53,52.24,,57.56,61.4,G1,0
54,60.26,56.46,44.87,45.5,G1,1
55,55.2,38.74,46.84,49.17,G2,0
56,,55.92,38.61,56.77,G1,0
57,31.2,43.76,59.35,47.18,G1,0
58,54.4,75.12,48.02,48.28,G1,1
59,29.24,53.47,64.35,52.14,G2,0
60,50.96,79.75,51.79,51.77,G2,1
61,51.25,40.02,57.73,63.07,G1,0
62,61.09,58.61,42.78,45.47,G2,1
63,78.36,37.82,36.29,49.76,G1,1
64,35.11,37.78,35.41,38.33,G1,0
65,47.88,57.31,51.34,57.67,G1,0
66,45.97,23.23,42.12,32.6,G2,0
67,52.19,55.05,43.76,48.32,G2,0
68,55.9,61.6,42.33,59.01,G1,0
69,,58.49,23.14,45.49,G1,0
70,53.37,37.11,24.38,37.53,G2,0
71,46.89,53.97,55.73,49.41,G1,1
72,34.39,38.57,54.69,58.86,G2,0
73,50.77,,43.55,49.55,G1,0
74,51.75,47.55,36.39,36.13,G2,0
75,50.2,54.1,67.95,50.48,G2,1
76,,35.69,33.24,40.38,G1,0
77,,52.93,52.9,35.56,G2,1
78,46.17,49.53,70.83,63.29,G1,1
79,48.09,58.76,51.26,47.01,G2,1
80,46.49,32.26,65.65,51.29,G1,1
81,38.1,,44.11,48.2,G1,0
82,45.02,66.27,32.92,60.45,G1,0
83,48.62,59.64,44.68,40.11,G1,1
84,51.94,71.29,37.74,57.38,G2,1
85,64.41,55.07,48.98,70.63,G1,1
86,50.73,58.37,52.61,55.75,G1,0
87,45.23,42.77,62.74,50.81,G2,1
88,56.06,38.89,59.78,63.69,G1,0
89,51.98,,58.03,33.73,G1,1
90,55.99,58.63,37.3,43.09,G1,1
91,36.06,41.2,35.57,32.91,G1,0
92,32.34,56.57,51.8,60.95,G1,0
93,46.51,63.7,37.07,48.94,G2,0
94,47.08,38.1,40.65,36.58,G2,0
95,49.96,42.1,53.54,52.76,G1,0
96,47.56,42.27,46.16,57.5,G1,0
97,51.61,45.89,46.84,67.67,G2,0
98,45.91,47.33,56.45,45.39,G2,1
99,35.8,41.88,45.84,49.22,G1,0
100,47.45,40.13,50.64,56.67,G1,0
101,37.1,71.22,39.2,65.77,G2,0
102,63.97,62.46,59.75,38.74,G1,1
103,43.56,56.42,40.89,57.77,G1,0
104,39.39,37.84,51.09,45.11,G2,0
105,53.78,44.29,34.28,54.69,G1,0
106,,46.29,62.25,65.03,G1,0
107,44.87,46.8,50.43,59.1,G1,0
108,63.69,47.32,44.61,42.29,G1,1
109,45.3,59.34,32.6,35.01,G2,0
110,27.94,48.66,57.65,46.47,G1,0
111,38.27,48.59,50.11,56.53,G2,0
112,50.22,39.67,51.66,64.7,G1,0
113,41.35,51.79,50.51,49.41,G2,1
114,24.34,59.2,40.71,47.31,G1,0
115,29.03,38.29,32.82,47.05,G1,0
116,55.1,50.29,51.24,52.38,G2,0
117,57.77,51.72,55.37,40.46,G1,1
118,55.22,42.55,49.43,25.51,G2,1
119,44.73,55.49,47.63,38.15,G1,0
120,57.63,35.87,47.13,48.08,G2,1
121,45.51,59.98,39.54,62.98,G2,0
122,62.1,53.01,54.38,42.66,G2,1
123,42.08,55.25,53.12,61.7,G1,1
124,47.09,56.53,37.58,56.91,G2,0
125,56.81,58.43,41.83,38.45,G1,1
126,46.72,50.62,60.79,59.1,G1,1
127,51.45,24.1,70.47,65.63,G2,0
128,55.77,58.16,51.98,52.02,G1,1
129,50.56,44.97,69.38,37.68,G1,1
130,53.5,30.48,55.59,55.45,G2,0
131,37.71,67.41,52.51,65.87,G1,1
132,58.1,39.76,42.99,63.49,G1,0
133,,70.74,60.16,49.79,G2,1
134,45.99,62.84,31.42,58.03,G1,0
135,29.63,58.14,56.45,47.76,G1,1
136,43.13,44.67,54.35,52.86,G2,1
137,45.02,52.07,52.85,63.67,G1,0
138,42.52,51.54,34.59,58.45,G1,0
139,37.15,47.89,55.29,49.25,G2,0
140,40.85,40.28,58.31,58.44,G2,0
141,41.18,69.98,43.54,48.69,G1,0
142,54.85,53.71,51.82,40.34,G1,1
143,55.23,39.41,41.26,36.8,G1,0
144,43.6,48.57,49.73,44.6,G2,1
145,56.24,54.69,52.45,48.84,G1,1
146,25.94,56.95,40.48,45.31,G2,0
147,,,46.98,52.28,G2,1
148,46.69,36.05,42.92,38.72,G2,0
149,31.12,48.59,54.4,48.24,G1,1
150,,44.8,53.75,33.82,G2,1
151,40.0,44.6,35.01,44.22,G1,0
152,30.36,38.62,57.04,80.14,G2,0
153,45.66,58.95,38.39,46.95,G2,1
154,,45.03,55.64,56.66,G1,0
155,49.3,40.47,44.99,48.48,G2,0
156,43.67,50.31,49.37,51.93,G1,1
157,46.7,55.38,65.0,43.33,G1,1
158,57.67,41.84,49.53,30.5,G2,1
159,50.91,35.81,33.19,47.45,G2,0
160,68.84,42.44,39.49,54.68,G2,0
161,56.46,30.42,62.11,40.16,G2,1
162,28.3,49.32,53.88,45.16,G1,0
163,49.14,67.08,44.04,52.31,G1,1
164,58.38,44.77,42.97,42.48,G2,1
165,43.47,41.69,49.22,33.9,G2,1
166,60.11,55.98,38.44,50.07,G1,0
167,46.15,57.54,48.82,46.24,G2,1
168,59.24,42.74,48.78,61.9,G2,0
169,37.13,42.96,46.5,74.82,G1,0
170,56.97,63.31,51.08,44.73,G2,1
171,57.46,61.56,45.5,54.39,G1,0
172,,53.04,48.02,33.23,G1,1
173,56.33,54.9,45.5,47.92,G1,1
174,34.29,57.1,52.43,41.11,G2,1
175,62.79,54.13,47.88,72.78,G2,0
176,65.88,59.04,35.4,44.57,G1,0
177,46.39,,50.41,52.93,G2,0
178,54.31,,36.42,52.76,G2,0
179,42.0,51.74,66.85,62.41,G1,0
180,46.82,50.11,63.62,68.13,G2,1
181,55.22,60.5,53.17,56.69,G2,0
182,46.98,,49.69,45.23,G2,0
183,36.65,45.62,50.1,51.13,G1,0
184,63.62,46.46,50.84,42.67,G1,1
185,62.47,70.86,61.24,49.17,G2,1
186,46.54,44.62,43.13,54.44,G2,0
187,39.63,50.8,46.58,61.89,G2,1
188,47.34,53.88,56.87,35.82,G2,1
189,31.91,42.54,51.34,41.84,G2,0
190,62.77,,49.34,53.87,G2,1
191,37.14,40.54,41.18,70.21,G1,0
192,55.34,37.21,50.43,60.39,G1,0
193,29.9,65.75,39.64,52.39,G2,0
194,39.93,46.6,37.73,30.56,G1,0
195,45.57,55.13,47.55,67.76,G2,1
196,52.36,55.01,61.24,57.98,G1,1
197,43.55,50.0,40.41,55.12,G2,0
198,44.23,41.98,57.51,42.52,G1,1
199,59.23,45.57,58.44,51.11,G2,0
200,34.34,39.89,54.45,48.13,G1,0
201,59.93,70.32,50.26,32.93,G1,1
202,53.52,59.94,55.18,55.27,G1,1
203,52.66,42.58,52.25,46.89,G2,1
204,50.79,47.35,54.36,37.9,G1,1
205,58.31,70.13,32.42,38.56,G2,1
206,59.78,42.3,49.27,49.35,G1,1
207,50.53,16.6,36.49,49.38,G2,0
208,69.51,60.5,62.68,31.19,G2,1
209,48.6,47.15,67.5,53.12,G1,1
210,52.93,50.51,53.9,35.61,G1,1
211,51.89,43.83,53.1,62.65,G1,0
212,47.06,35.45,56.45,37.85,G2,1
213,30.92,64.12,69.08,39.63,G2,1
214,48.48,74.25,36.03,41.19,G1,1
215,53.21,19.69,41.06,60.96,G2,0
216,57.91,,48.44,59.46,G2,0
217,55.28,62.94,69.41,50.35,G1,1
218,69.49,58.08,45.89,55.62,G2,1
219,42.92,56.05,55.39,51.35,G2,1
220,66.75,39.79,57.48,47.55,G1,1
221,55.51,57.59,66.54,53.19,G1,1
222,62.51,60.15,62.59,58.14,G1,1
223,40.99,67.72,55.96,61.69,G1,1
224,47.81,47.73,53.9,46.92,G2,1
225,54.1,59.24,57.19,62.23,G2,1
226,35.29,40.55,49.95,59.69,G1,0
227,,54.91,71.81,40.49,G2,1
228,57.91,47.02,36.59,46.97,G1,0
229,42.65,31.33,45.17,50.37,G2,0
230,47.04,65.21,38.65,62.77,G2,0
231,50.83,37.57,45.9,51.97,G1,0
232,56.53,34.82,51.44,53.17,G1,0
233,62.93,52.7,42.01,57.48,G1,0
234,63.39,50.12,39.53,53.92,G1,0
235,52.58,56.09,42.86,47.7,G2,1
236,66.26,56.13,37.81,51.13,G2,1
237,31.8,45.97,45.01,46.12,G1,0
238,56.69,43.49,33.19,57.43,G2,0
239,79.94,52.07,58.75,57.35,G1,1
240,37.41,,50.92,46.01,G1,0
241,59.04,49.6,31.66,50.02,G1,0
242,24.7,41.43,41.92,42.43,G1,0
243,33.38,56.81,63.44,57.69,G1,0
244,57.6,,37.48,57.45,G1,1
245,36.92,45.81,47.33,57.04,G1,0
246,,65.27,46.59,51.31,G1,1
247,47.22,42.2,44.75,45.24,G1,0
248,57.82,53.9,41.21,54.47,G1,1
249,46.97,47.96,57.86,48.12,G1,1
250,59.38,42.1,43.34,54.18,G2,0
251,43.12,55.87,37.86,50.42,G2,0
252,46.23,40.34,56.97,53.18,G2,0
253,39.49,39.28,60.84,43.93,G1,0
254,42.16,55.28,70.48,47.72,G1,1
255,56.7,64.12,41.48,61.64,G1,0
256,49.7,46.59,53.31,53.45,G1,1
257,51.02,41.16,43.26,36.45,G1,1
258,40.84,41.24,42.7,54.43,G1,0
259,46.6,47.02,48.4,39.98,G2,1
260,58.99,38.83,65.07,53.74,G2,1
261,61.28,66.71,54.96,38.89,G2,1
262,40.91,52.02,51.73,29.79,G1,1
263,51.79,33.08,47.81,38.79,G2,0
264,54.98,35.74,66.05,50.71,G1,1
265,83.0,53.62,50.72,42.63,G1,1
266,31.69,48.69,53.7,57.28,G2,0
267,36.44,63.67,51.8,53.7,G2,0
268,55.27,48.46,59.18,36.48,G1,1
269,44.64,55.78,54.28,50.98,G1,1
270,55.01,66.51,48.55,50.08,G2,1
271,56.47,57.49,44.83,50.29,G2,1
272,57.55,42.2,62.26,43.45,G1,1
273,46.73,61.09,63.42,55.62,G1,1
274,38.45,40.66,40.14,51.4,G1,0
275,56.18,42.91,57.29,54.23,G2,0
276,50.18,48.24,28.46,45.18,G1,0
277,56.06,38.67,31.71,57.31,G1,0
278,41.34,47.61,38.51,52.89,G2,0
279,54.82,61.25,43.85,67.06,G2,0
280,28.35,54.34,50.92,37.36,G2,0
281,58.04,37.76,53.2,53.97,G1,0
282,58.05,56.87,29.66,39.92,G2,1
283,51.91,30.92,61.1,54.94,G1,0
284,61.26,54.62,67.03,43.79,G1,1
285,,62.29,39.01,70.44,G1,0
286,58.75,48.98,46.06,58.15,G1,0
287,56.97,26.72,54.52,46.32,G1,0
288,47.27,27.45,54.22,58.15,G1,0
289,55.85,54.68,42.44,54.95,G2,1
290,43.89,,54.75,51.59,G2,1
291,65.57,40.42,32.61,59.13,G2,0
292,43.03,37.76,55.32,55.68,G1,0
293,34.65,46.87,59.29,71.27,G2,1
294,45.62,66.02,56.28,46.73,G2,1
295,32.72,47.06,48.17,56.34,G2,0
296,44.48,50.81,62.05,66.01,G2,1
297,30.51,31.39,42.99,50.6,G2,0
298,64.24,25.67,38.69,51.82,G2,0
299,44.23,55.8,53.31,68.28,G1,0
300,44.88,46.78,54.03,47.33,G2,1
1,68.12,42.71,39.14,45.98,G2,1
2,38.47,65.08,58.8,56.38,G1,1
3,64.1,43.99,36.86,53.47,G2,0
4,53.09,41.44,55.36,64.72,G1,1
5,44.67,51.95,53.44,54.86,G1,1
